<?xml version="1.0" encoding="utf-8"?>
<extension version="3.2" type="plugin" group="system" method="upgrade" >
	<name>System - Natural</name>
	<author>Ben Griffin</author>
	<creationDate>21st February 2014</creationDate>
	<version>2014.022101</version>
	<copyright>Copyright ©2014 Red Snapper Ltd.</copyright>
	<license>http://www.gnu.org/licenses/gpl-2.0.html GNU/GPL</license>
	<description>
		This allows for xpaths-enabled natural views.
	</description>
	<files>
		<filename plugin="natural">plg_natural.php</filename>
		<filename>index.html</filename>
	</files>
</extension>

