<?xml version="1.0" encoding="utf-8"?>
<!DOCTYPE install PUBLIC "-//Joomla! 2.5//DTD template 1.0//EN" "http://www.joomla.org/xml/dtd/2.5/template-install.dtd">
<extension version="3.2" type="template" client="site" method="upgrade" >
	<name>Natural</name>
	<version>2014.0030401</version>
	<creationDate>04/03/2014</creationDate>
	<author>Ben Griffin</author>
	<authorEmail>ben@obyx.org</authorEmail>
	<copyright>Copyright ©2014 Redsnapper Ltd. All rights reserved.</copyright>
	<description>The Natural Approach</description>
	<files>
		<filename>index.php</filename>
		<filename>index.html</filename>
		<filename>index.xhtml</filename>
		<filename>favicon.ico</filename>
		<filename>error.php</filename>
		<filename>templateDetails.xml</filename>
		<folder>css</folder>
		<folder>html</folder>
		<folder>img</folder>
		<folder>js</folder>
		<folder>less</folder>
	</files>
	<positions>
		<position>internal</position>
		<position>topleft</position>
		<position>topright</position>
		<position>navigation</position>
		<position>banner</position>
		<position>panel</position>
		<position>aside</position>
		<position>footer</position>
	</positions>
	<config>
		<fields name="params">
			<fieldset name="advanced">
				<field name="templateColor" class="" type="color" default="#08C"
					label="Colour"
					description="Colour" />
			</fieldset>
		</fields>
	</config>
</extension>
