<?xml version="1.0" encoding="utf-8"?>
<extension type="component" version="3.2.0" method="upgrade">
	<name>Composite!</name>
	<files folder="site">
		<filename>index.html</filename>
		<filename>composite.php</filename>
		<filename>controller.php</filename>
		<folder>views</folder>
		<folder>models</folder>
	</files>
	<languages folder="site/language">
        <language tag="en-GB">en-GB/en-GB.com_composite.ini</language>
    </languages>
	<administration>
		<files folder="admin">
			<filename>index.html</filename>
			<folder>models</folder>
		</files>
		<languages folder="admin/language">
            <language tag="en-GB">en-GB/en-GB.com_composite.ini</language>
            <language tag="en-GB">en-GB/en-GB.com_composite.sys.ini</language>
        </languages>
	</administration>
</extension>
